classe,caso,resultado,duracao_segundos
com.tripcontrol.controller.AutenticacaoControllerTest,recusaEmailDuplicado,PASSOU,0.059
com.tripcontrol.controller.AutenticacaoControllerTest,autenticaComCredenciaisCorretas,PASSOU,0.099
com.tripcontrol.controller.AutenticacaoControllerTest,recusaSenhaIncorreta,PASSOU,0.098
com.tripcontrol.controller.AutenticacaoControllerTest,armazenaSomenteHash,PASSOU,0.052
com.tripcontrol.controller.ClienteControllerTest,atualizaClienteExistente,PASSOU,0.001
com.tripcontrol.controller.ClienteControllerTest,cadastraClienteValido,PASSOU,0.001
com.tripcontrol.controller.ClienteControllerTest,detectaCpfDuplicado,PASSOU,0.001
com.tripcontrol.controller.ClienteControllerTest,recusaDadosInvalidos,PASSOU,0.001
com.tripcontrol.controller.ItinerarioControllerTest,fa07DescartaRascunho,PASSOU,0.006
com.tripcontrol.controller.ItinerarioControllerTest,fa04IntervaloInvalido,PASSOU,0.001
com.tripcontrol.controller.ItinerarioControllerTest,detalhesPorTipo,PASSOU,0.002
com.tripcontrol.controller.ItinerarioControllerTest,atividadeTerminaNoMesmoDia,PASSOU,0.001
com.tripcontrol.controller.ItinerarioControllerTest,fa03DataForaDoPeriodo,PASSOU,0.001
com.tripcontrol.controller.ItinerarioControllerTest,montaCronogramaCompleto,PASSOU,0.001
com.tripcontrol.controller.ItinerarioControllerTest,fa02CadastroDeRecurso,PASSOU,0.001
com.tripcontrol.controller.ItinerarioControllerTest,buscaPacotePorTermo,PASSOU,0.002
com.tripcontrol.controller.ItinerarioControllerTest,fa04ConflitoDeHorario,PASSOU,0.0
com.tripcontrol.controller.ItinerarioControllerTest,finalizaEReabreOItinerario,PASSOU,0.0
com.tripcontrol.controller.ItinerarioControllerTest,aceitaItensConsecutivos,PASSOU,0.001
com.tripcontrol.controller.ItinerarioControllerTest,fa07DescartaSemItinerarioGravado,PASSOU,0.0
com.tripcontrol.controller.ItinerarioControllerTest,fa06ItinerarioSemItens,PASSOU,0.0
com.tripcontrol.controller.ItinerarioControllerTest,recusaRecursoInvalidoOuRepetido,PASSOU,0.001
com.tripcontrol.controller.ItinerarioControllerTest,desfazFinalizacaoQuandoPersistenciaFalha,PASSOU,0.001
com.tripcontrol.controller.ItinerarioControllerTest,fa01PacoteNaoEncontrado,PASSOU,0.001
com.tripcontrol.controller.ItinerarioControllerTest,fa05CamposObrigatorios,PASSOU,0.001
com.tripcontrol.controller.PacoteControllerTest,recusaCapacidadeAbaixoDoOcupado,PASSOU,0.002
com.tripcontrol.controller.PacoteControllerTest,calculaVagasAPartirDasReservas,PASSOU,0.001
com.tripcontrol.controller.PacoteControllerTest,detectaDuplicidade,PASSOU,0.001
com.tripcontrol.controller.PacoteControllerTest,apresentaAsTresSituacoesDoPacote,PASSOU,0.002
com.tripcontrol.controller.PacoteControllerTest,alteraCapacidadeComJustificativa,PASSOU,0.001
com.tripcontrol.controller.PacoteControllerTest,recusaInicioNoPassado,PASSOU,0.0
com.tripcontrol.controller.PacoteControllerTest,cadastraPacoteValido,PASSOU,0.001
com.tripcontrol.controller.PacoteControllerTest,recusaPeriodoInvertido,PASSOU,0.001
com.tripcontrol.controller.PacoteControllerTest,recusaValoresNaoPositivos,PASSOU,0.001
com.tripcontrol.controller.PacoteControllerTest,recusaCamposObrigatorios,PASSOU,0.001
com.tripcontrol.controller.PacoteControllerTest,detectaAlteracaoConcorrente,PASSOU,0.001
com.tripcontrol.controller.PagamentoControllerTest,residuoDoArredondamentoVaiParaUltimaParcela,PASSOU,0.035
com.tripcontrol.controller.PagamentoControllerTest,fa01ReservaNaoEncontrada,PASSOU,0.002
com.tripcontrol.controller.PagamentoControllerTest,fa03ParcelaInexistente,PASSOU,0.009
com.tripcontrol.controller.PagamentoControllerTest,fa03DadosInvalidos,PASSOU,0.001
com.tripcontrol.controller.PagamentoControllerTest,fa03ValorForaDosLimites,PASSOU,0.002
com.tripcontrol.controller.PagamentoControllerTest,fa06CancelamentoDoRegistro,PASSOU,0.006
com.tripcontrol.controller.PagamentoControllerTest,recusaValorDiferenteDoValorDaParcela,PASSOU,0.002
com.tripcontrol.controller.PagamentoControllerTest,recusaPlanoComDadosInvalidos,PASSOU,0.001
com.tripcontrol.controller.PagamentoControllerTest,desfazBaixaQuandoPersistenciaFalha,PASSOU,0.002
com.tripcontrol.controller.PagamentoControllerTest,fa04IdentificadorDuplicado,PASSOU,0.002
com.tripcontrol.controller.PagamentoControllerTest,situacaoAtrasadaDependeDoVencimento,PASSOU,0.002
com.tripcontrol.controller.PagamentoControllerTest,geraPlanoDeParcelas,PASSOU,0.001
com.tripcontrol.controller.PagamentoControllerTest,fa04ParcelaDuplicada,PASSOU,0.002
com.tripcontrol.controller.PagamentoControllerTest,gravaPagamentoEBaixaDaParcelaJuntos,PASSOU,0.003
com.tripcontrol.controller.PagamentoControllerTest,exigePlanoDeParcelasAntesDoRecebimento,PASSOU,0.002
com.tripcontrol.controller.PagamentoControllerTest,precedenciaDaSituacaoFinanceira,PASSOU,0.002
com.tripcontrol.controller.PagamentoControllerTest,fa05SaldoAlteradoPorOutroProcesso,PASSOU,0.003
com.tripcontrol.controller.PagamentoControllerTest,numeroDeReciboESequencial,PASSOU,0.003
com.tripcontrol.controller.PagamentoControllerTest,fa02ReservaCancelada,PASSOU,0.002
com.tripcontrol.controller.PagamentoControllerTest,naoRedefineplanoExistente,PASSOU,0.002
com.tripcontrol.controller.PagamentoControllerTest,percorreAsTresSituacoesFinanceiras,PASSOU,0.002
com.tripcontrol.controller.RelatorioControllerTest,fa02MinimoDeViagensNegativo,PASSOU,0.018
com.tripcontrol.controller.RelatorioControllerTest,fa02PercentualForaDoIntervalo,PASSOU,0.001
com.tripcontrol.controller.RelatorioControllerTest,fa02CampoObrigatorioVazio,PASSOU,0.001
com.tripcontrol.controller.RelatorioControllerTest,oferecerOsCincoTipos,PASSOU,0.001
com.tripcontrol.controller.RelatorioControllerTest,fa05FalhaNaExportacao,PASSOU,0.026
com.tripcontrol.controller.RelatorioControllerTest,fa03NenhumDadoEncontrado,PASSOU,0.002
com.tripcontrol.controller.RelatorioControllerTest,exportaPdf,PASSOU,0.024
com.tripcontrol.controller.RelatorioControllerTest,naoExportaSemRelatorio,PASSOU,0.001
com.tripcontrol.controller.RelatorioControllerTest,modoMemoriaInformaIndisponibilidade,PASSOU,0.008
com.tripcontrol.controller.RelatorioControllerTest,fa04FalhaNaConsulta,PASSOU,0.002
com.tripcontrol.controller.RelatorioControllerTest,fa01TipoNaoSelecionado,PASSOU,0.001
com.tripcontrol.controller.RelatorioControllerTest,exportaCsvLegivelNoExcel,PASSOU,0.002
com.tripcontrol.controller.RelatorioControllerTest,fa02DataFinalAnteriorAInicial,PASSOU,0.0
com.tripcontrol.controller.RelatorioControllerTest,geraRelatorio,PASSOU,0.001
com.tripcontrol.controller.RelatorioControllerTest,fa02DataInvalida,PASSOU,0.001
com.tripcontrol.controller.RelatorioControllerTest,fa02RankingMenorQueUm,PASSOU,0.0
com.tripcontrol.controller.ReservaCancelamentoTest,avisaQuandoNadaCorresponde,PASSOU,0.001
com.tripcontrol.controller.ReservaCancelamentoTest,cancelaReservaAtiva,PASSOU,0.004
com.tripcontrol.controller.ReservaCancelamentoTest,preservaHistoricoFinanceiro,PASSOU,0.001
com.tripcontrol.controller.ReservaCancelamentoTest,bloqueiaSegundoCancelamento,PASSOU,0.001
com.tripcontrol.controller.ReservaCancelamentoTest,desfazAlteracaoQuandoPersistenciaFalha,PASSOU,0.002
com.tripcontrol.controller.ReservaCancelamentoTest,exigeAoMenosUmCriterio,PASSOU,0.001
com.tripcontrol.controller.ReservaCancelamentoTest,vagasVoltamParaONovoUso,PASSOU,0.001
com.tripcontrol.controller.ReservaCancelamentoTest,exigeDescricaoQuandoMotivoOutro,PASSOU,0.001
com.tripcontrol.controller.ReservaCancelamentoTest,exigeMotivo,PASSOU,0.001
com.tripcontrol.controller.ReservaCancelamentoTest,recusaReservaInexistente,PASSOU,0.001
com.tripcontrol.controller.ReservaCancelamentoTest,detectaAlteracaoConcorrente,PASSOU,0.001
com.tripcontrol.controller.ReservaCancelamentoTest,pesquisaPorCadaCriterio,PASSOU,0.002
com.tripcontrol.controller.ReservaControllerTest,registraReservaValida,PASSOU,0.002
com.tripcontrol.controller.ReservaControllerTest,recusaPeriodoIncompativel,PASSOU,0.001
com.tripcontrol.controller.ReservaControllerTest,recusaVagasInsuficientes,PASSOU,0.001
com.tripcontrol.controller.ReservaControllerTest,recusaClienteInexistente,PASSOU,0.001
com.tripcontrol.controller.ReservaControllerTest,recusaQuantidadeInvalida,PASSOU,0.001
com.tripcontrol.util.ValidadoresTest,converteDatas,PASSOU,0.001
com.tripcontrol.util.ValidadoresTest,aceitaCpfValido(String)[1],PASSOU,0.008
com.tripcontrol.util.ValidadoresTest,aceitaCpfValido(String)[2],PASSOU,0.0
com.tripcontrol.util.ValidadoresTest,aceitaCpfValido(String)[3],PASSOU,0.0
com.tripcontrol.util.ValidadoresTest,gerenciaSenhas,PASSOU,0.149
com.tripcontrol.util.ValidadoresTest,leituraDeHoras,PASSOU,0.001
com.tripcontrol.util.ValidadoresTest,valorMonetarioFazIdaEVolta,PASSOU,0.001
com.tripcontrol.util.ValidadoresTest,leValoresMonetarios,PASSOU,0.0
com.tripcontrol.util.ValidadoresTest,recusaCpfInvalido(String)[1],PASSOU,0.0
com.tripcontrol.util.ValidadoresTest,recusaCpfInvalido(String)[2],PASSOU,0.0
com.tripcontrol.util.ValidadoresTest,recusaCpfInvalido(String)[3],PASSOU,0.001
com.tripcontrol.util.ValidadoresTest,recusaCpfInvalido(String)[4],PASSOU,0.0
com.tripcontrol.util.ValidadoresTest,formatacaoDePercentual,PASSOU,0.0
com.tripcontrol.util.ValidadoresTest,formataCpf,PASSOU,0.0
com.tripcontrol.util.ValidadoresTest,aceitaTelefoneValido(String)[1],PASSOU,0.001
com.tripcontrol.util.ValidadoresTest,aceitaTelefoneValido(String)[2],PASSOU,0.0
com.tripcontrol.util.ValidadoresTest,aceitaTelefoneValido(String)[3],PASSOU,0.0
com.tripcontrol.util.ValidadoresTest,recusaTelefoneInvalido(String)[1],PASSOU,0.0
com.tripcontrol.util.ValidadoresTest,recusaTelefoneInvalido(String)[2],PASSOU,0.0
com.tripcontrol.util.ValidadoresTest,recusaTelefoneInvalido(String)[3],PASSOU,0.0
com.tripcontrol.repository.jdbc.FluxoItinerarioJdbcIT,fa03ForaDoPeriodo,PASSOU,0.011
com.tripcontrol.repository.jdbc.FluxoItinerarioJdbcIT,fa07DescartaRascunho,PASSOU,0.013
com.tripcontrol.repository.jdbc.FluxoItinerarioJdbcIT,detalhesSobrevivemAoBanco,PASSOU,0.012
com.tripcontrol.repository.jdbc.FluxoItinerarioJdbcIT,fa06SemItens,PASSOU,0.005
com.tripcontrol.repository.jdbc.FluxoItinerarioJdbcIT,bancoGaranteOTipoDoRecurso,PASSOU,0.007
com.tripcontrol.repository.jdbc.FluxoItinerarioJdbcIT,montaEReabreOCronograma,PASSOU,0.014
com.tripcontrol.repository.jdbc.FluxoItinerarioJdbcIT,fa04Conflito,PASSOU,0.006
com.tripcontrol.repository.jdbc.FluxoItinerarioJdbcIT,regravarNaoDuplica,PASSOU,0.011
com.tripcontrol.repository.jdbc.FluxoPagamentoJdbcIT,reservaPagamentoCancelamentoAtualizaVagas,PASSOU,0.056
com.tripcontrol.repository.jdbc.FluxoPagamentoJdbcIT,fa04ComprovanteDuplicado,PASSOU,0.024
com.tripcontrol.repository.jdbc.FluxoPagamentoJdbcIT,fa04ParcelaDuplicada,PASSOU,0.022
com.tripcontrol.repository.jdbc.FluxoPagamentoJdbcIT,alteraCapacidadeComValidacaoNoBanco,PASSOU,0.012
com.tripcontrol.repository.jdbc.FluxoPagamentoJdbcIT,fa05SaldoAlteradoPorOutroProcesso,PASSOU,0.025
com.tripcontrol.repository.jdbc.FluxoPagamentoJdbcIT,fa02ReservaCancelada,PASSOU,0.021
com.tripcontrol.repository.jdbc.FluxoPagamentoJdbcIT,bancoEJavaConcordamSobreASituacao,PASSOU,0.036
com.tripcontrol.repository.jdbc.FluxoPagamentoJdbcIT,percorreAsSituacoesFinanceiras,PASSOU,0.027
com.tripcontrol.repository.jdbc.FluxoPagamentoJdbcIT,dadosSobrevivemAReleitura,PASSOU,0.021
com.tripcontrol.repository.jdbc.JdbcClienteRepositoryIT,buscaPorNomeEPreferencia,PASSOU,0.007
com.tripcontrol.repository.jdbc.JdbcClienteRepositoryIT,atualizaPreferencias,PASSOU,0.004
com.tripcontrol.repository.jdbc.JdbcClienteRepositoryIT,buscaPorCpfComMascara,PASSOU,0.003
com.tripcontrol.repository.jdbc.JdbcClienteRepositoryIT,gravaERecupera,PASSOU,0.003
com.tripcontrol.repository.jdbc.JdbcItinerarioRepositoryIT,camposPorTipo,PASSOU,0.013
com.tripcontrol.repository.jdbc.JdbcItinerarioRepositoryIT,idsDeItensSaoUnicos,PASSOU,0.008
com.tripcontrol.repository.jdbc.JdbcItinerarioRepositoryIT,listaApenasFinalizados,PASSOU,0.008
com.tripcontrol.repository.jdbc.JdbcItinerarioRepositoryIT,pacoteSemItinerarioNaoDevolveNada,PASSOU,0.003
com.tripcontrol.repository.jdbc.JdbcItinerarioRepositoryIT,removerLimpaOItinerario,PASSOU,0.007
com.tripcontrol.repository.jdbc.JdbcItinerarioRepositoryIT,regravarSubstituiOCronograma,PASSOU,0.011
com.tripcontrol.repository.jdbc.JdbcItinerarioRepositoryIT,gravaEReabre,PASSOU,0.007
com.tripcontrol.repository.jdbc.JdbcPacoteRepositoryIT,buscaPorTermo,PASSOU,0.007
com.tripcontrol.repository.jdbc.JdbcPacoteRepositoryIT,gravaERecuperaTodosOsCampos,PASSOU,0.002
com.tripcontrol.repository.jdbc.JdbcPacoteRepositoryIT,buscaPorDestinoEPeriodo,PASSOU,0.004
com.tripcontrol.repository.jdbc.JdbcPacoteRepositoryIT,aceitaCamposOpcionaisVazios,PASSOU,0.003
com.tripcontrol.repository.jdbc.JdbcPacoteRepositoryIT,geraCodigosUnicos,PASSOU,0.001
com.tripcontrol.repository.jdbc.JdbcPacoteRepositoryIT,gravaHistoricoDeCapacidade,PASSOU,0.004
com.tripcontrol.repository.jdbc.JdbcPacoteRepositoryIT,recusaDuplicidadeNoBanco,PASSOU,0.002
com.tripcontrol.repository.jdbc.JdbcPagamentoRepositoryIT,recusaSegundoPagamentoNaMesmaParcela,PASSOU,0.012
com.tripcontrol.repository.jdbc.JdbcPagamentoRepositoryIT,buscaPeloComprovante,PASSOU,0.009
com.tripcontrol.repository.jdbc.JdbcPagamentoRepositoryIT,listaApenasParcelasRecebidas,PASSOU,0.007
com.tripcontrol.repository.jdbc.JdbcPagamentoRepositoryIT,gravaERecupera,PASSOU,0.006
com.tripcontrol.repository.jdbc.JdbcPagamentoRepositoryIT,recebimentoQuitaAParcela,PASSOU,0.007
com.tripcontrol.repository.jdbc.JdbcPagamentoRepositoryIT,removerDesfazORecebimento,PASSOU,0.007
com.tripcontrol.repository.jdbc.JdbcPagamentoRepositoryIT,buscaPorPeriodo,PASSOU,0.007
com.tripcontrol.repository.jdbc.JdbcPagamentoRepositoryIT,reciboVemDeSequence,PASSOU,0.006
com.tripcontrol.repository.jdbc.JdbcParcelaRepositoryIT,gravaERecuperaOPlano,PASSOU,0.036
com.tripcontrol.repository.jdbc.JdbcParcelaRepositoryIT,parcelaNasceEmAberto,PASSOU,0.01
com.tripcontrol.repository.jdbc.JdbcParcelaRepositoryIT,idSinteticoEReversivel,PASSOU,0.008
com.tripcontrol.repository.jdbc.JdbcParcelaRepositoryIT,totalParcelasEDerivado,PASSOU,0.009
com.tripcontrol.repository.jdbc.JdbcParcelaRepositoryIT,removePorReserva,PASSOU,0.009
com.tripcontrol.repository.jdbc.JdbcRecursoRepositoryIT,separaPorTipo,PASSOU,0.005
com.tripcontrol.repository.jdbc.JdbcRecursoRepositoryIT,exigeTipo,PASSOU,0.0
com.tripcontrol.repository.jdbc.JdbcRecursoRepositoryIT,recusaNomeRepetidoNoMesmoTipo,PASSOU,0.002
com.tripcontrol.repository.jdbc.JdbcRecursoRepositoryIT,gravaERecupera,PASSOU,0.002
com.tripcontrol.repository.jdbc.JdbcRecursoRepositoryIT,aceitaMesmoNomeEmTiposDiferentes,PASSOU,0.002
com.tripcontrol.repository.jdbc.JdbcReservaRepositoryIT,triggerBarraExcessoDeVagas,PASSOU,0.014
com.tripcontrol.repository.jdbc.JdbcReservaRepositoryIT,buscasPorClienteEPeriodo,PASSOU,0.009
com.tripcontrol.repository.jdbc.JdbcReservaRepositoryIT,gravaERecupera,PASSOU,0.005
com.tripcontrol.repository.jdbc.JdbcReservaRepositoryIT,cancelamentoDevolveVagas,PASSOU,0.009
com.tripcontrol.repository.jdbc.JdbcReservaRepositoryIT,persisteCancelamento,PASSOU,0.005
com.tripcontrol.repository.jdbc.JdbcReservaRepositoryIT,versaoAvancaACadaGravacao,PASSOU,0.005
com.tripcontrol.repository.jdbc.JdbcReservaRepositoryIT,detectaAlteracaoConcorrente,PASSOU,0.007
com.tripcontrol.repository.jdbc.JdbcUsuarioRepositoryIT,exigeCpf,PASSOU,0.001
com.tripcontrol.repository.jdbc.JdbcUsuarioRepositoryIT,gravaERecupera,PASSOU,0.118
com.tripcontrol.repository.jdbc.JdbcUsuarioRepositoryIT,persisteUsuarioInativo,PASSOU,0.053
com.tripcontrol.repository.jdbc.RelatorioJdbcIT,reservasConcluidaEDerivada,PASSOU,0.03
com.tripcontrol.repository.jdbc.RelatorioJdbcIT,reservasPorCliente,PASSOU,0.015
com.tripcontrol.repository.jdbc.RelatorioJdbcIT,ocupacaoPorSituacaoEPercentual,PASSOU,0.024
com.tripcontrol.repository.jdbc.RelatorioJdbcIT,pacotesMaisProcurados,PASSOU,0.014
com.tripcontrol.repository.jdbc.RelatorioJdbcIT,pagamentosDoPacote,PASSOU,0.025
com.tripcontrol.repository.jdbc.RelatorioJdbcIT,rankingRespeitaOTamanho,PASSOU,0.012
com.tripcontrol.repository.jdbc.RelatorioJdbcIT,pagamentosPorFormaEPeriodo,PASSOU,0.019
com.tripcontrol.repository.jdbc.RelatorioJdbcIT,reservasFa03SemDados,PASSOU,0.011
com.tripcontrol.repository.jdbc.RelatorioJdbcIT,ocupacaoDosPacotes,PASSOU,0.01
com.tripcontrol.repository.jdbc.RelatorioJdbcIT,clientesComViagensConcluidas,PASSOU,0.011
com.tripcontrol.repository.jdbc.RelatorioJdbcIT,clientesPorPreferenciaEMinimo,PASSOU,0.012
com.tripcontrol.repository.jdbc.RelatorioJdbcIT,pagamentosPorSituacaoFinanceira,PASSOU,0.012
com.tripcontrol.repository.jdbc.RelatorioJdbcIT,reservasPorPacoteESituacao,PASSOU,0.011
